descentVelocity,ascentVelocity,length,verticalDistance,lastY,maxY,total count
0.24490729303573078,0.5833369247866128,50.146118721461185,0.13681372925841023,0.26451243147409703,0.31986002531487234,219
